{
    "loss": 0.5472139716148376,
    "accuracy": 0.9482758641242981
}