{
    "loss": 3.91040301322937,
    "accuracy": 0.6982758641242981
}