{
    "loss": 0.7461311221122742,
    "accuracy": 0.9137930870056152
}